cluster_id,candidate_count,candidate_fraction,candidate_reduction
0,212,0.02019047619047619,0.9798095238095238
1,63,0.006,0.994
2,238,0.02266666666666667,0.9773333333333334
3,250,0.023809523809523808,0.9761904761904762
4,183,0.01742857142857143,0.9825714285714285
5,151,0.014380952380952381,0.9856190476190476
6,166,0.015809523809523808,0.9841904761904762
7,129,0.012285714285714285,0.9877142857142858
8,331,0.03152380952380952,0.9684761904761905
9,159,0.015142857142857144,0.9848571428571429
10,332,0.031619047619047616,0.9683809523809523
11,137,0.013047619047619047,0.9869523809523809
12,222,0.021142857142857144,0.9788571428571429
13,231,0.022,0.978
14,96,0.009142857142857144,0.9908571428571429
15,274,0.026095238095238095,0.9739047619047619
16,184,0.017523809523809525,0.9824761904761905
17,224,0.021333333333333333,0.9786666666666667
18,134,0.012761904761904763,0.9872380952380952
19,109,0.010380952380952381,0.9896190476190476
20,225,0.02142857142857143,0.9785714285714285
21,188,0.017904761904761906,0.9820952380952381
22,314,0.029904761904761906,0.9700952380952381
23,312,0.029714285714285714,0.9702857142857143
24,888,0.08457142857142858,0.9154285714285715
25,56,0.005333333333333333,0.9946666666666667
26,65,0.006190476190476191,0.9938095238095238
27,58,0.005523809523809524,0.9944761904761905
28,262,0.02495238095238095,0.975047619047619
29,95,0.009047619047619047,0.9909523809523809
30,187,0.01780952380952381,0.9821904761904762
31,909,0.08657142857142858,0.9134285714285715
32,132,0.012571428571428572,0.9874285714285714
33,46,0.004380952380952381,0.9956190476190476
34,275,0.02619047619047619,0.9738095238095238
35,61,0.0058095238095238096,0.9941904761904762
36,298,0.02838095238095238,0.9716190476190476
37,59,0.005619047619047619,0.9943809523809524
38,265,0.025238095238095237,0.9747619047619047
39,71,0.0067619047619047615,0.9932380952380953
40,358,0.034095238095238095,0.9659047619047619
41,152,0.014476190476190476,0.9855238095238095
42,185,0.017619047619047618,0.9823809523809524
43,228,0.021714285714285714,0.9782857142857143
44,107,0.01019047619047619,0.9898095238095238
45,103,0.00980952380952381,0.9901904761904762
46,133,0.012666666666666666,0.9873333333333333
47,167,0.015904761904761904,0.9840952380952381
48,134,0.012761904761904763,0.9872380952380952
49,342,0.03257142857142857,0.9674285714285714
