epoch,train_loss,validation_loss,recall_at_1,recall_at_5,recall_at_10,mrr,positive_cosine,negative_cosine,temperature,epoch_time_sec
1,1.5562597542549625,0.7372098059365244,0.3333333432674408,0.5785714387893677,0.691428542137146,0.44786131381988525,0.574421226978302,0.0035664134193211794,0.06915617734193802,28.828161599987652
2,0.6077241529569481,0.5475952968452916,0.4090476334095001,0.6523809432983398,0.7580952644348145,0.5224660038948059,0.6251605749130249,-2.6369225452071987e-06,0.06832898408174515,28.654432100011036
3,0.43189029237537674,0.45122920563726715,0.46047618985176086,0.7019047737121582,0.7971428632736206,0.5717790722846985,0.639968752861023,-0.0027785419952124357,0.06748370826244354,28.76464589999523
4,0.332498948738882,0.405254758217118,0.4895237982273102,0.7252380847930908,0.8209523558616638,0.5985682606697083,0.6490576863288879,-0.0004650110495276749,0.06662490218877792,28.96558710001409
5,0.2764402377616727,0.38006131531614246,0.5133333206176758,0.7428571581840515,0.8299999833106995,0.61921226978302,0.6509612202644348,-0.003470457624644041,0.06578078120946884,29.054350100050215
6,0.22846684202721174,0.35895514578530285,0.5176190733909607,0.7580952644348145,0.8385714292526245,0.6276683807373047,0.6632840633392334,-0.0006853643571957946,0.06491658836603165,29.109741599997506
7,0.2002562569228537,0.35308995707468555,0.5304762125015259,0.7580952644348145,0.8352380990982056,0.6337921023368835,0.6660844683647156,-0.002731666900217533,0.06410923600196838,28.978993400000036
8,0.17982963687091164,0.3442203294147145,0.538095235824585,0.7647619247436523,0.8519047498703003,0.6416715383529663,0.6635497808456421,-0.002970183501020074,0.06332504749298096,28.609576200018637
9,0.1630336151204326,0.34382482730981073,0.54666668176651,0.7599999904632568,0.8528571724891663,0.644989550113678,0.6603808999061584,-0.002421856625005603,0.06258099526166916,28.58327990001999
10,0.14905300449975062,0.3319691446694461,0.5442857146263123,0.7661904692649841,0.8471428751945496,0.6478151679039001,0.6681936383247375,-0.0018969359807670116,0.061853718012571335,29.420813199947588
