K,bic,validation_avg_log_likelihood,silhouette_cosine,intra_cluster_cosine,gmm_fit_time_sec,silhouette_time_sec,converged,n_iter,min_cluster_size,mean_cluster_size,median_cluster_size,max_cluster_size,empty_clusters
20,-7426831.809522615,448.10382,0.08046150952577591,0.20230481028556824,13.51374940003734,0.5889221000252292,True,138,90,420.0,322.5,970,0
40,-7620150.583058245,463.76038,0.11169101297855377,0.3170391321182251,1.2350096000009216,0.5519057000055909,True,22,49,210.0,199.0,538,0
60,-7813395.856593874,479.60303,0.12931503355503082,0.37035274505615234,2.283507899963297,0.532987000013236,True,36,23,140.0,135.0,327,0
80,-7858360.130129504,486.00238,0.13830600678920746,0.4110611081123352,3.6531059999833815,0.5298699000268243,True,50,23,105.0,100.5,223,0
100,-7867798.403665134,490.50317,0.13088466227054596,0.42681777477264404,5.458087800012436,0.5336223000194877,True,70,17,84.0,83.5,182,0
120,-7874613.6772007635,495.15738,0.12435468286275864,0.4456351101398468,7.5864763999707066,0.550916199979838,True,88,16,70.0,66.5,202,0
140,-7859165.450736393,497.84192,0.13870713114738464,0.4710817039012909,4.8586768000386655,0.5270168000133708,True,40,14,60.0,56.5,126,0
160,-7835696.224272023,500.55588,0.14188656210899353,0.49278807640075684,3.93378980003763,0.5256509000319056,True,28,5,52.5,52.0,151,0
180,-7788591.997807653,501.5186,0.14495421946048737,0.5092986822128296,4.319749300018884,0.5393900999915786,True,25,5,46.666666666666664,45.0,149,0
200,-7750293.771343282,503.5479,0.13672299683094025,0.5163835883140564,6.774919100047555,0.541904199984856,True,42,5,42.0,39.0,120,0
