k,bic,aic,silhouette_cosine,intra_cluster_cosine,validation_avg_log_likelihood,fit_time_seconds,converged,iterations,smallest_cluster,largest_cluster,mean_cluster_size
5,-665996.1957,-681438.06,0.12423753,0.384184955,118.6501,8.9225503,TRUE,74,349,904,609.8
10,-702015.9939,-732905.75,0.128690854,0.458119436,125.75988,0.7744474,TRUE,42,119,524,304.9
15,-725879.1045,-772216.75,0.150932074,0.509865681,131.70526,1.4804017,TRUE,32,73,408,203.2666667
20,-741167.2777,-802952.8,0.083782509,0.534616472,135.03535,1.5665113,TRUE,37,51,442,152.45
25,-754031.7008,-831265.1,0.084804304,0.551898882,138.59326,1.312676,TRUE,20,57,300,121.96
30,-763028.4365,-855709.75,0.091538563,0.581063022,144.18217,1.427527,TRUE,26,38,310,101.6333333
35,-778003.9846,-886133.2,0.106790923,0.600194267,147.6093,1.7047576,TRUE,48,14,241,87.11428571
40,-786710.1578,-910287.25,0.116584532,0.616272428,148.71815,1.7192477,TRUE,24,17,188,76.225
45,-773214.0184,-912239,0.117425174,0.628607989,149.94878,1.9354721,TRUE,31,6,158,67.75555556
50,-780184.6916,-934657.56,0.110082619,0.631913995,152.63496,2.0006542,TRUE,19,14,167,60.98
55,-801746.5522,-971667.3,0.132225543,0.650214858,157.87048,2.4808934,TRUE,46,5,152,55.43636364
60,-792034.7254,-977403.4,0.125884488,0.655226674,157.55344,2.3092393,TRUE,18,4,146,50.81666667
